{
  "username": "username",
  "password": "4c29b665f1c59fca1bbad3bf835d780c857d1eaf2fa78d992ddf72008bdc7d4f",
  "nickName": "NICK",
  "email": "email@gmail.com",
  "questionNumber": 0,
  "questionAnswer": "answer",
  "highScore": 0,
  "rank": 0,
  "slogan": "aaaaaaaaaaa",
  "government": {
    "fearRate": 0,
    "popularity": 0,
    "foodRate": -2,
    "taxRate": 0,
    "population": 20,
    "freePopulation": 0,
    "buildings": [],
    "troops": [],
    "headquarter": {
      "hp": 100,
      "fullHp": 100,
      "costs": [],
      "name": "HeadQuarter",
      "buildingType": "cityBuildings",
      "requiredWorkers": 0,
      "popularityRate": 0,
      "x": 0,
      "y": 0
    }
  }
}{
  "username": "user",
  "password": "f603cea51f0ccf96617f4258291eb6c211a97b220e2adb765c219ec077ac7973",
  "nickName": "NICKNAME",
  "email": "fmail@gmail.com",
  "questionNumber": 0,
  "questionAnswer": "answer",
  "highScore": 0,
  "rank": 0,
  "government": {
    "fearRate": 0,
    "popularity": 0,
    "foodRate": -2,
    "taxRate": 0,
    "population": 20,
    "freePopulation": 0,
    "buildings": [],
    "troops": [],
    "headquarter": {
      "hp": 100,
      "fullHp": 100,
      "costs": [],
      "name": "HeadQuarter",
      "buildingType": "cityBuildings",
      "requiredWorkers": 0,
      "popularityRate": 0,
      "x": 0,
      "y": 0
    }
  }
}{
  "username": "arian",
  "password": "794289bd4ca8c596f05f780b68e194f4fcac7c0e870c967cb122b310108ace24",
  "nickName": "NICKNAME",
  "email": "aryan1nori@gmail.com",
  "questionNumber": 0,
  "questionAnswer": "answer",
  "highScore": 0,
  "rank": 0,
  "slogan": "The object of war is not to die for your country, but to make the other bastard die for his.",
  "government": {
    "fearRate": 0,
    "popularity": 0,
    "foodRate": -2,
    "taxRate": 0,
    "population": 20,
    "freePopulation": 0,
    "buildings": [],
    "troops": [],
    "headquarter": {
      "hp": 100,
      "fullHp": 100,
      "costs": [],
      "name": "HeadQuarter",
      "buildingType": "cityBuildings",
      "requiredWorkers": 0,
      "popularityRate": 0,
      "x": 0,
      "y": 0
    }
  }
}{
  "username": "barbod",
  "password": "bf6914e801fcfb0f69262c2a8a003b3f84611cd0494a89d77c2063d6e5aa5cfd",
  "nickName": "NICK",
  "email": "bmail@gmail.com",
  "questionNumber": 0,
  "questionAnswer": "answer",
  "highScore": 0,
  "rank": 0,
  "slogan": "Skip the War, Start the Peace Now",
  "government": {
    "fearRate": 0,
    "popularity": 0,
    "foodRate": -2,
    "taxRate": 0,
    "population": 20,
    "freePopulation": 0,
    "buildings": [],
    "troops": [],
    "headquarter": {
      "hp": 100,
      "fullHp": 100,
      "costs": [],
      "name": "HeadQuarter",
      "buildingType": "cityBuildings",
      "requiredWorkers": 0,
      "popularityRate": 0,
      "x": 0,
      "y": 0
    }
  }
}{
  "username": "u",
  "password": "52ad23bdf087d7ba6f8f7085c5dca4e68fc85a6157d47a8f0d1951034d801ff7",
  "nickName": "nick",
  "email": "email@gmail.ccom",
  "questionNumber": 0,
  "questionAnswer": "answer",
  "highScore": 0,
  "rank": 0,
  "government": {
    "fearRate": 0,
    "popularity": 0,
    "foodRate": -2,
    "taxRate": 0,
    "population": 20,
    "freePopulation": 0,
    "buildings": [],
    "troops": [],
    "headquarter": {
      "hp": 100,
      "fullHp": 100,
      "costs": [],
      "name": "HeadQuarter",
      "buildingType": "cityBuildings",
      "requiredWorkers": 0,
      "popularityRate": 0,
      "x": 0,
      "y": 0
    }
  }
}{
  "username": "amir ali",
  "password": "794289bd4ca8c596f05f780b68e194f4fcac7c0e870c967cb122b310108ace24",
  "nickName": "amirali",
  "email": "amir@gmail.ali",
  "questionNumber": 2,
  "questionAnswer": "answer",
  "highScore": 0,
  "rank": 0,
  "slogan": "How high you fly depends on how brave you are.",
  "government": {
    "fearRate": 0,
    "popularity": 0,
    "foodRate": -2,
    "taxRate": 0,
    "population": 20,
    "freePopulation": 0,
    "buildings": [],
    "troops": [],
    "headquarter": {
      "hp": 100,
      "fullHp": 100,
      "costs": [],
      "name": "HeadQuarter",
      "buildingType": "cityBuildings",
      "requiredWorkers": 0,
      "popularityRate": 0,
      "x": 0,
      "y": 0
    }
  }
}{
  "username": "user123",
  "password": "fbcd52e17e48b734f93d11ea2df81eb1e22aab0f9c48aeb3bfce66b8edc503d7",
  "nickName": "nick",
  "email": "email@gmail.commmm",
  "questionNumber": 0,
  "questionAnswer": "answer",
  "highScore": 0,
  "rank": 0,
  "slogan": "How high you fly depends on how brave you are.",
  "government": {
    "fearRate": 0,
    "popularity": 0,
    "foodRate": -2,
    "taxRate": 0,
    "population": 20,
    "freePopulation": 0,
    "buildings": [],
    "troops": [],
    "headquarter": {
      "hp": 100,
      "fullHp": 100,
      "costs": [],
      "name": "HeadQuarter",
      "buildingType": "cityBuildings",
      "requiredWorkers": 0,
      "popularityRate": 0,
      "x": 0,
      "y": 0
    }
  }
}